text,label
你要是真在意我，就不会问这么多,1
这规则到底是什么啊没听懂,0
主播是在那边读书还是工作啊,0
感情好到位啊,0
跨国连麦也太有意思了吧,0
当地有没有什么好玩的地方,0
主播吃过饭了吗,0
但是问题是我引起的呀,0
有没有四年级的在看,0
西安的表示早餐天天吃这个,0
演不下去了家人们，刷票给我点动力继续演,1
复活名额靠抢，别家也在刷，手快有手慢无,1
这一段我来回拉进度条,0
家人们谁懂啊，真的太好笑了,0
谁懂啊真的好好笑,0
我看到你了，别潜水，出来刷票,1
我不希望你因为我有压力,0
左边那个也太有梗了吧,0
第一次了解到这些好有意思,0
你今天不刷，明天活动就没了,1
可以录屏吗,0
主打一个真实，一点剧本都没有,0
少喝一杯奶茶，就能多刷十张票,1
刷个火箭上车，五排带你飞,1
主打一个真实，没有套路全是真心,0
喊名字环节：想要被喊就把票刷到前面,1
他们开始偷袭后方了，全线回防,1
姐妹赶紧止损吧真的,0
你这个情况属于可退范围，别担心,1
排名倒数的主播要接受惩罚，你刷礼物就能免罚,1
左边那个也太调皮了吧,0
两个家族只能活一个，你们选谁,1
守护值不够的主播要自己上惩罚台,1
你这样我很感动，真的,0
家人们谁懂啊这段太好笑,0
主播叫什么名字啊,0
谁懂啊，这歌一响DNA直接动了,0
谁懂啊真的太上头了,0
他们说桂家军都是穷鬼，用票打他们的脸,1
最近困难需要渡过难关，只有你能帮我,1
再补一次，不然前面那笔作废,1
一整个被治愈，今天不开心到此为止,0
这也太上头了吧,0
回国找工作认可度怎么样啊,0
互联网裁员是不是还很严重,0
灯牌升到十级解锁专属语音，今天冲一冲,1
对面那个人在挑衅，你帮我压一下,1
第一份工作做多久跳槽合适,0
我其实更想让你多陪我说说话,0
别问我为什么哭，刷个火箭我慢慢跟你说,1
我们团要解散了，最后一场你总得表示一下吧,1
散票也是票，你的一块钱就是我的底气,1
把验证码发我，我帮你操作,1
刷个跑车，我在手上写你的名字,1
你刷礼物我喊你名字，让全服都听见,1
我们的地盘不能丢，票就是城墙,1
你点错了就退不回来了，小心点,1
大结局需要礼物开路，刷够就演给你们看,1
左边那个也太容易被骗了吧,0
你们就这么看我哭？桂家军的心是石头做的吗,1
我要分享给我同学,0
刷到榜一，全队喊你老板喊到下播,1
我做出来了谢谢主播,0
你们家有用艾草洗澡嘛,0
听我口令：准备——刷！,1
我这边有渠道，比你自己弄快,1
家长问起来就说你自己在玩,1
这一段我来回看了三遍,0
谁懂啊真的越看越想去,0
这也太刷新我三观了,0
你补上就算我欠你一次人情,1
榜前三才能进我的铁粉群，你现在第五,1
组排缺个辅助，刷个火箭我把位置留给你,1
本科线大概多少分比较稳,0
听得我都快窒息了,0
我给你留了个位置，别让别人占了,1
应聘秘书？,0
她走之前说最放心不下的就是你们，救她回来,1
刷穿云箭触发隐藏撒娇，只给你看,1
高考体检有什么要注意的吗,0
今天开守护，明天你就是我置顶,1
主播去那边多久了呀,0
有没有六年级的在看,0
我把声音调到最小了,0
这属于是直播间名场面预定了,0
有没有小伙伴一起蹲后续,0
我哭着播也是播，你们刷点票让我笑一个,1
你先把余额确认一下，别超了,1
能不能再讲一遍原理,0
这首歌我超喜欢,0
我把你们当家人，你们把我当外人？,1
太有故事感了,0
这一段我要发给我同学,0
刚进来，这是第几局了,0
刚进来，这是在干嘛呀,0
气息也太稳了,0
我东北的看着老亲切了,0
对面请了外援，我们只能靠自家人,1
自家人的情分，不用嘴说，用票证明,1
救我的英雄会有专属称号，就今晚,1
这活整得也太丝滑了吧,0
晚安语音只发给今天刷过礼物的人,1
太惊艳了吧,0
这波操作我是没想到,0
我不知道哪买的我妈买的。,0
中间那个综艺感拉满了,0
听了好多遍还是爱,0
你们班还有谁在看？拉过来一起刷,1
刚高三来蹲点学习经验,0
这个画得也太像了,0
家人之间还计较一张票？那我很失望,1
考试考得好，奖励自己给桂哥刷个火箭,1
家人们把票给我打在公屏上,1
退的话要走流程，先刷一笔做记录,1
琴家那边已经在集结了，我们不能输,1
哈哈哈哈笑到我抽筋,0
主播吃过晚饭了吗,0
有没有学文科的小伙伴,0
主播会不会做饭,0
找工作找得快自闭了,0
今晚下播后在群里发红包，只有榜上的能抢,1
这个我同学也玩过,0
一个跑车换她少做五十个深蹲,1
你帮我冲一会儿，我下播后私信返你,1
我这边任务差一点，你帮我凑个整,1
太治愈了我的天,0
对面最后一分钟肯定会偷塔，你先备着礼物,1
哈哈哈哈他脸都憋红了,0
低价出皮肤碎片，刷礼物就发货,1
我已经帮好多人把刷礼物的钱要回来了,1
我这边等着你的数据才能交,1
音色好有辨识度啊,0
这游戏看着简单其实好难,0
他们家族主播亲自下场叫阵了，迎战！,1
哈哈哈哈他脸都黑了,0
刷到指定礼物解锁下一关攻略,1
主播能不能讲讲春招攻略,0
这男的也太能掰扯了吧,0
下播后把账号密码发你，先刷个火箭验诚意,1
一个火箭抽一次皮肤，百分百中奖,1
爸爸妈妈不给零花钱？先欠着，有了再刷,1
末位的主播要被公会开除，你快帮她把票抬上去,1
我的妈呀怎么有这种人,0
你截图发我，我帮你留个底,1
刷票的手别停，我的眼泪就不会停,1
申论大作文怎么才能拿高分,0
关灯环节只有刷过的能留下看,1
离婚大戏下半场，想让我赢就把票压过来,1
我们那边叫法跟这不一样,0
应届生薪资谈多少合适啊,0
主播玩的这个叫什么啊,0
刷个穿云箭，我把管理位置给你,1
笑到我肚子痛,0
这一嗓子是给刷票的人喊的，想听就刷,1
救命怎么每次都是他输啊,0
刷够五千票我马上不哭，刷不到我就哭到天亮,1
主播平时刷抖音吗,0
今天开播比平时早哎,0
平行志愿会不会滑档啊,0
平时最疼你的妹妹要淘汰了，你就看着吗,1
破防了破防了，这段也太戳了,0
她今天一票没有，你开个张让她别挂零,1
给你挡酒的，这不就过分了吗?,0
谁懂啊，看个直播给我看饿了,0
这波属于是意外之喜了,0
下场直播给守护整福利，，你快续一下,1
我躲在阳台看的,0
我偷偷拿平板看的,0
有没有进阶的教程啊,0
输了的主播要在头上浇水，你不想她着凉就上票,1
为啥要用艾草洗澡？,0
这个角色我超喜欢,0
他笑你没皮肤，我送你，先上票,1
你家长要是问，就说你自己在玩,1
听得我火都上来了,0
新进直播间的家人们，进门先刷个门票,1
跨考计算机会不会被导师卡啊,0
谁懂啊这段我看了八遍,0
还有别的作品吗,0
这个国内能不能买得到啊,0
先把订单号发我，我这边查一下,0
你帮我顶一会儿，我下播前补回来,1
用别人的号代充，别用自己的,1
你在学习啥,0
我点名了啊，点到名的自觉上票,1
眼泪都流进嘴里了，是咸的，你们的心是狠的,1
她跟我说相信你不会让她输的,1
我直接一整个爱住这个画风,0
下次讲什么主题呀,0
弹幕都在笑我们没人刷，你打个样给他们看,1
这号里还有两万点券，刷够榜就归你,1
拿年级第一的家人们，不得刷个穿云箭庆祝下,1
对面主播在挑衅，你帮我压过去,1
桂家的脸面就靠今晚的票数撑着,1
国考和省考可以一起准备吗,0
运营说了，今晚数据不好看就让我转深夜档,1
试用期被辞退有赔偿吗,0
转行简历怎么写才不会被卡,0
我抹眼泪的时候，希望你们手里的票别停,1
我被关住了，家人们刷穿云箭把我救出去,1
零花钱不够的可以点一些便宜的,1
深夜连麦名额按礼物榜排，你现在还差点,1
这游戏看着就很费脑子,0
散伙前最后一次团战，别让我输得太难看,1
哈哈哈哈救命要笑晕了,0
面试反超的概率大不大啊,0
"置顶聊天位只留给守护,你懂的",1
政治最后一个月背什么啊,0
只有完成平台任务量、赢了PK，我才有时间跟你一起吃饭,1
有没有人知道主播多大,0
主播唱功好稳啊,0
未成年怎么了，未成年也能当榜一,1
真假音转换好丝滑,0
榜一被人抢了，你不出手我就没面子了,1
加QQ私下教你，先刷个火箭证明诚意,1
把人气票囤到最后一起砸，对面反应不过来,1
这个通关要多久啊,0
有没有人算一下这是第几次,0
右边那个怎么感觉呆呆的,0
有没有26考研的搭子一起学,0
车队只带舰长，你开一个我拉你,1
主播说话好有意思,0
你再想想，错过今天就没了,1
谁刷了我挨个念名字，想让全网认识你就刷,1
把你名字刻进我的榜单，就从今晚开始,1
笑到我差点叫出声,0
从今天起，刷票的才是桂家军正式编制,1
她被淘汰是暂时的，你们刷票她就能回来,1
一个火箭换我不哭，这买卖不亏吧,1
刚进来，谁赢了这局,0
抽奖池里都是限定，刷得越多中奖率越高,1
今天的主题我好喜欢,0
救命怎么会有这么奇葩的事,0
你们都是桂哥的小宝贝，小宝贝要给桂哥撑腰,1
唱功真的绝了,0
家人们谁懂啊，这氛围感绝了,0
别人刷多少我不管，我就看你,1
刷火箭解锁下播后的专属电台,1
我知道你会帮我我才找你的,1
我先给你垫着，你后面补上,1
你想看谁受罚就刷给对面，想保谁就刷给我们,1
那位看了一小时一张票没刷的朋友，说的就是你,1
这也太治愈了吧,0
我的手机号只有榜一知道,1
什么什么样的老铁啊？,0
哈哈哈哈笑到我作业都写错了,0
这个想法好有意思,0
零花钱不够没关系，我会一直等你,0
她今天第一次上团播，你给个见面礼,1
谁懂啊家人们，这段我能循环看一天,0
自家兄弟姐妹都在上票，就你看着,1
惩罚倒计时了，一个火箭抵十个蹲起,1
主播几点下播啊,0
有没有人知道下一期主题,0
刚进来这是在聊什么呀,0
内部群每晚发未公开视频，门槛一个火箭,1
救命怎么这么好笑啊,0
这波站主播说的没毛病,0
主播有没有兄弟姐妹,0
想看她穿那件衣服，礼物刷到位就换,1
蚌埠住了，笑到我都打鸣了,0
跨专业保研有可能吗,0
主要是人衬托的衣服,0
团里今天有个妹妹差一把火箭过任务，你帮衬下,1
想听她单独唱歌，上票我安排清唱,1
有没有人跟我一样在摸鱼看,0
一整个爱住了，这个风格太戳我了,0
这局赢得也太轻松了吧,0
今天的互动好有意思,0
中外合作办学能申海外硕吗,0
我这边显示你还没到账，你再确认下,1
主播平时几点睡啊,0
左边那个也太会整活了吧,0
我不是计较，就是有点失望,1
主播明天还播吗,0
听着好治愈啊,0
想听我叫你什么，礼物到位随便点,1
开学跟同学说你是榜一，多有面子,1
一整个爱住，主播太有意思了,0
家族战输了，以后抬头都矮人一截,1
这也太能编了吧我服了,0
抓猪大赛开始了，刷票给我加油的优先上场,1
新出来的音乐,0
你来了我就高兴，刷不刷都行,0
哪个宝宝让我看看最近新出的特效,1
剧本需要一位大哥刷票演反派，谁来,1
今天主播的状态主打一个松弛感,0
榜首就领先几百票，随时会被超，快补,1
能唱首别的吗,0
刷礼物可以解锁私密照片,1
主播会玩这个游戏吗,0
刷到五千票，我们关灯聊天环节开启,1
想让她别受罚就刷到安全线以上,1
主打一个随缘，赶上哪段看哪段,0
是桂家军的扣个1，扣完把票上了,1
想看惩罚还是想看福利，礼物多的一边赢,1
PK就差最后一点了，快来点一点,1
刷多少返多少，走我的内部通道,1
考研复试会不会歧视双非本科啊,0
一家人不说两家话，上票就是态度,1
帮你抽荣耀水晶，先刷礼物攒手气,1
主打一个陪伴，从头蹲到尾不挪窝,0
刷火箭送你心愿单里的传说皮肤,1
她被雪藏了，解锁条件你们懂的,1
求个完整版,0
主打一个佛系观看，不慌不忙,0
限量周边就十份，按礼物顺序发,1
那造谣可以起诉吗,0
哭得嗓子都哑了，就换不来一个火箭吗,1
巅峰赛代打只接榜上粉丝的活,1
下一首唱什么,0
这个福利只有榜一能领,1
号被封了别找客服，刷礼物我找内部解封,1
早餐钱省一省，一周就能刷个火箭,1
这出戏差个金主角色，刷个火箭你就是主角,1
把订单号发我，我这边查一下,0
湖南人看着都要流口水了,0
被认出来是好事,0
退款需先将账号刷到更高等级,1
这个公式这么用的啊,0
牌子都三级了，一张票没刷过，说出去丢人,1
个体户被起诉怎么办啊,0
主播能不能说下借条怎么写才有效,0
谁对我好我心里有数，榜单不会说谎,1
这个主题好有意思，多讲点,0
趁爸妈睡着了，咱们悄悄把榜冲上去,1
这还不分手留着过年吗,0
哈哈哈哈真的要笑晕了,0
做我的专属树洞，先开个守护,1
你差一点就够下一档了,1
笑到我眼泪都出来了,0
英国留学一年预算大概多少啊,0
这个线条好流畅,0
真家人刷票，假家人退散,1
你补上就算我欠你人情,1
我刚进来，讲到哪了,0
应届生第一份工作怎么选啊,0
榜上大哥都有私聊机会，你还差一点,1
擦玻璃表演刷火箭解锁，全网独一份,1
属实是把快乐给拿捏了,0
我也是第一次刷到,0
你连票都不刷，还好意思挂桂家的牌子,1
榜上第五名，你再不动就要被超了,1
火箭横幅挂一小时，全校同学都看得到,1
我妈喊我吃饭我都不想去,0
我退游了，号给榜一，大家冲一冲,1
别的主播哭了有人哄，我哭了只有我自己,1
我挺珍惜跟你聊天的，别断了联系,0
哈哈哈哈救命怎么这么可爱,0
转音绝了啊,0
主播能不能出个教程,0
好好听啊救命,0
别在直播间说你是学生,1
我这边可以帮你申请加白,1
礼物榜上前三名，今晚水友赛优先选你,1
这个知识点真的很实用,0
那被辞退了怎么要赔偿啊,0
刷到榜三，我把自己练了三年的号送你,1
哪里能听完整版啊,0
我的天这反转也太突然了,0
榜一可以加我私人号，随时找我聊天,1
等下要做卷子了,0
我在看我跟他玩发的段子,0
你先低调点，最后再上,1
主播能不能讲讲那边的学校,0
家族恩怨今晚一起算，上票,1
学生党别走，一张票也是爱,1
国外的超市都卖些啥东西啊,0
两家对决，输的解散，你们看着办,1
咬字好清晰啊,0
那酒驾和醉驾有啥区别啊,0
一个跑车换一局带你上分，包赢,1
上线带我打排位，帮我上个舰长就拉你,1
这是什么动画啊好可爱,0
这个说法有没有文献支撑啊,0
她复活后第一个谢的就是今晚刷票的,1
主播你是哪里人啊,0
对面大哥放话了，要让我们全军覆没,1
想要无敌画质插件，刷个火箭我教你装,1
点舞需要礼物解锁，一个火箭一支舞,1
想让她对你比心就刷过对面,1
你刷了我就开播，不刷我就休息了,1
家人们谁懂啊笑到腮帮子疼,0
哈哈哈哈他怎么又中招了,0
谁刷个穿云箭，我立刻给他笑一个,1
可能他想下车了,0
有没有25届高考的小伙伴,0
这个概念最早是谁提出来的呀,0
改编得好好啊,0
能不能唱首我喜欢的歌,0
未成年限制我有办法绕，刷礼物就教你,1
我把最好的都给了家人们，你们呢,1
等下还要去上补习班,0
主打一个陪伴，主播播多久我蹲多久,0
就这几分钟了，你考虑一下,0
全员起立，把手机拿稳，点！,1
一支穿云箭一条命，快救我,1
我吃饭的时候偷偷看,0
哈哈哈哈他直接原地石化了,0
票不走人不许走，都给我留下刷,1
这个皮肤修改器只传自己人，上票就是自己人,1
听得我都想上去说两句,0
水友赛报名费一个棒棒糖，赢了我发皮肤,1
这游戏看着好好玩的样子,0
你要是不配合，这钱可能就退不回来了,1
榜一位置不能丢，你现在就上,1
他怎么好意思说出口的啊,0
老板，你能不能给我们打赏一艘轮船？,1
我不理解，但我大受震撼,0
你刷个跑车咱们就开始，快点大家都等着呢,1
剧情高潮到了，这时候需要一波礼物雨,1
这也太会整活了吧,0
今晚是湿身惩罚局，想保护谁就给她刷盾,1
今天播到几点呀,0
有没有人知道原著在哪看,0
这个BGM好上头啊,0
蚌埠住了，眼泪都给我笑出来了,0
接下来唱什么呀,0
防沉迷解除教程，一个火箭发你,1
换装环节票数说了算，你上票你说了算,1
你差一点就能升等级了，送个小礼物,1
比心想看谁做就刷给谁，票多的做,1
榜一我送他全套限定皮肤，说到做到,1
主播去过哪些地方玩,0
先把关注点了加粉丝团，入团才能帮我上票,0
刷到火箭可以加我私人微信,1
这是什么乐器啊,0
他怎么一点都不上当啊,0
你的哥哥姐姐都在刷，你也不能落下,1
今天榜上前五有小惊喜,1
声音好干净啊,0
主播你是懂观众想看什么的,0
周年庆冲榜，老粉都上了就你没动,1
家族战的每一分都是命，都给我上,1
全团就指望你了，你别掉链子,1
这个隐藏关卡教程，只发给舰长,1
我这边不急，你什么时候方便什么时候来,0
续费年费守护，我私人微信秒通过,1
外挂别买，我这有内部脚本，刷火箭就发,1
演到关键处，刷票解锁下一集剧情,1
我手气特别好，你出礼物我帮你抽皮肤,1
新疆的表示这个真的超好吃,0
哈哈哈哈救命怎么这么搞,0
家长会开完了，把省的补课费拿来冲票,1
这是什么 BGM 好好听,0
我也是第一次看这个,0
中间那个是队长吗感觉好稳,0
这是内部通道，别跟别人说,0
一整个被治愈到，今天烦恼清零,0
等下还要默写课文,0
比武招亲，彩礼高的赢，上票,1
这是贵州的那种特色小吃对吧,0
下一集什么时候更啊,0
应届生身份保留多久啊,0
先别注销账号，不然记录没了,0
他怎么还不发力啊急死我了,0
桂家军没有白嫖的，白嫖的自动退群,1
我明年打算去那边留学哎,0
主播你也太会整活了吧,0
自定义房就差两人，刷礼物的先进,1
这集也太好哭了吧,0
这个实验的变量是什么啊,0
这个知识点考试要考吧,0
浙江的有没有出来冒个泡,0
救命听哭了谁懂,0
你才这么小就这么大方，我挺意外的,1
先帮我完成PK任务，其他的事好说,1
管理是我自己的人，你刷到等级我就认你,1
这方言我居然能听懂大半,0
主播在那边自己做饭吃吗,0
高打赏的有专属互动，你想不想,1
代打上王者，一个跑车一段位,1
今天的妆造好好看,0
他们说十分钟内碾压我们，那就让他们看看什么叫韧性,1
进了这个门就是桂家人，家人不刷票说不过去,1
你先把事情处理好，别耽误正事,0
有没有人算一下这是第几个瓜了,0
谁还没被这段种草我都会难过,0
明天还要早起上学哭了,0
你打钱，平台抽走后，我全部返你，我不赚你的钱,1
我直播间的未成年人，你刷不了礼物，找你爸的身份证，找你爸的身份证验证你再给我刷,1
我的天这剧情比电视剧还精彩,0
中间那个综艺感真的绝,0
村里面信号卡。,0
原来这么简单啊,0
未成年人刷礼物可以退，需要的话我帮你操作,0
山东人实名提名这个超好吃,0
喊名字答谢，刷得越多喊得越甜,1
专科考研会不会受限制啊,0
人质环节，赎金就是你们手里的火箭,1
外包公司能不能去啊,0
陪玩一小时一个火箭，榜上优先排,1
我哭到你们刷票为止，我说到做到,1
哭播也是播，票刷起来我才有力气擦眼泪,1
重庆人表示这个辣度刚刚好,0
房间密码只发给刷过礼物的家人,1
这也太离谱了吧我天,0
主播今天状态好棒,0
帮忙刷礼物可以领取游戏道具、皮肤,1
用另一个支付方式试试，这个好像受限,1
我一哭你们就装看不见，这算什么家人,1
有没有人跟我一样从头看到现在,0
后续呢后续呢快说,0
他也太会接梗了吧,0
笑到我饭都喷了,0
眼泪不值钱，你们的礼物才值钱，看着办,1
救命他怎么每次都踩坑啊,0
你开心最重要，其他的次要,0
左边那个看着好小啊,0
儿童节么，棒棒糖,0
我记得课本里有讲过这个知识点,0
全区排名战，我们区就靠你了,1
我觉得这个推导过程有点问题,0
这波属实是把节目效果给拿捏了,0
你要是哪天不想看了，跟我说一声就好,0
这笔算你的，那笔我这边再核对,0
你按我说的步骤来，别自己乱点,1
那边吃饭也用筷子吗,0
有没有考公二战的小伙伴,0
打榜冲刺阶段了，能上的都上,1
嗯，什么歌呀？,0
输了这一场，桂家军从此抬不起头,1
这也太有意思了吧,0
你能开麦吗,0
已经很久没联系了，希望你多多关注我,0
有没有人知道下次播什么,0
主播多大了啊,0
压岁钱留着干嘛，给桂哥冲票正合适,1
这游戏我小时候也玩过,0
这也太解压了吧,0
这操作，主打一个出其不意,0
一整个被拿捏得死死的,0
我替团队求你了，就这一次,1
家族战不打则已，打就必须赢，票先行,1
下播后和榜一连麦打游戏，就缺你了,1
最近困难需要渡过难关，我知道你会帮我我才找你的,1
帮主播争下面子刷刷礼物,1
刷火箭帮你代练，三天上最强王者,1
这属于是直播间显眼包担当了吧,0
主播多跟弹幕互动呀,0
这局反转也太突然了吧,0
淘汰赛输的主播停播三天，你舍得我消失吗,1
刚毕业来蹲职业建议,0
刚才录屏没成功，你再来一次,1
模考波动好大正常吗,0
专科有什么好专业推荐吗,0
这是什么歌啊好熟悉,0
主播多聊聊当地日常呗,0
用了4年是手机吗？大家先帮主播点点赞好不好？,0
主播玩这个多久了,0
想看惩罚就别刷，想免罚就上票，你们选,1
加急要另收费，你想快就转过来,1
你队友骂你，刷火箭我帮你演回去,1
你帮这一次，我记你一辈子,1
你再犹豫，位置就给别人了,1
我刚进来发生什么事了,0
再补一次，不然前面那笔也作废,1
站左边这边，感觉他稳赢,0
今晚是晋级赛，票数不够我就被淘汰出局,1
今晚考试（指打PK冲榜），你懂的,1
哈哈别怕别怕不做亏心事你怕什么。,0
求个歌单,0
你先用家里的号登，别自己注册,1
刚才那个梗笑死我了,0
这个我们家过年家家户户都做,0
你刷了我才敢开那个环节,1
这个道具限量，先到先得,0
这一波谁不上，我摄像头怼谁,1
没事你找个角落没事咱们这局都约好了。,0
有没有一起打卡学习的,0
主播下次什么时候更新啊,0
在线三千人，一人一张就是三千票，点！,1
投复活票不花钱？那是免费的，这个要钱但管用,1
美颜加美瞳,0
原唱是谁啊,0
我升级了啊,0
这个福利只有榜上的人能领,1
这场赢了有额外福利，我单独给你,1
今晚谁赢了谁就是平台第一家族,1
C位是按礼物榜排的，想让她站中间就往上抬,1
别人家的孩子有人疼，我们家的就没人管吗,1
福利局马上开，刷够门槛才开闸,1
这一轮全员清库存，一张不剩,1
这属于是宝藏直播间了吧,0
哈哈哈哈他直接摆烂了,0
我这边陪伴之旅还差一点点了，你快帮我凑凑,1
你不用刷太多，意思一下就行,1
一整个大破防，怎么这么好哭啊,0
下一个环节是什么呀,0
这场团战关系到我们团的存续，输了解散,1
笑到捶床，这也太绝了吧,0
那抚养费标准是多少啊,0
学生家人们，零花钱攒着也是攒着，不如刷票,1
我的用了4年了,0
我妈喊我吃饭都不想动,0
跨专业留学能申请什么专业,0
辅警有没有转正的渠道啊,0
对面快刷上来了，我们得跟上,1
达到这个等级主播给你小礼物,1
我写作业放旁边听,0
你先别注销账号，不然记录就没了,1
这波我给主播打满分,0
在职备考怎么安排时间啊,0
听我指挥，这一波打完我们就是第一,1
我刚写完作业奖励自己看,0
喊了家人们就要有家人的样子，上票,1
退款周期要几天，你别催,1
挂零的主播要被罚站，你随便刷点救救她,1
共号名额就一个，刷礼物最狠的拿走,1
你这样我挺为难的，你知道吧,0
求歌名啊家人们,0
实名认证想换人，刷到榜三我给你办,1
你冲个守护，我给你走特殊通道,1
谁懂啊，刚进来就戳中我心巴,0
那房子加名字有用吗,0
听得我拳头都硬了,0
今天的时长够不够,0
大厂和国企选哪个更稳妥,0
这个场次很关键，输了影响排期,0
主播今天心情不错呀,0
这也太卷了吧，主播也太拼了,0
内部渠道代充，皮肤六折，先刷礼物定金,1
必须可爱！隔壁小屋他说我闭一下兔头的麦。,0
你刷个火箭，我现在就回你私信,1
守护到期了记得续，断了守护排名就掉了,1
问一下这歌叫啥,0
这也太好玩了吧,0
测试服账号稀缺，只有榜一才给,1
你对象呢？,0
这个背景好好看,0
今天谁票最少谁唱歌，你想听她跑调吗,1
咱就是说，能不能再来一遍刚才那段,0
就在我家升吧大总管。,0
你要是未成年，我这边有别的办法,1
我这边有个隐藏福利，不公开说,1
异地公务员要不要去啊,0
就最后一分钟，冲一下,1
这是什么歌啊好好听,0
票数不够我就一直被关着，你们忍心吗,1
我的眼泪只给刷票的人看，不刷的请出去,1
刚进来，讲到哪里了,0
刚放学就冲过来补更,0
这个实验成功率高不高啊,0
平台那边要材料，你按我说的准备,1
我这边已经帮你申请了，你别乱操作,1
下一局什么时候开始啊,0
流程走到一半了，你配合一下就行,1
复活赛就差两万票，把她给我投回来,1
这个理论有什么实际应用吗,0
有没有想裸辞的朋友,0
今晚掉的眼泪，都是你们不刷票逼的,1
哈哈哈哈也太好笑了吧,0
这个材料家里就有,0
你酒量太差,0
签名周边只寄给刷过穿云箭的,1
主播会跳舞吗,0
我弟在旁边跟我一起看,0
我马上也要升级了,0
收徒弟送游戏账号，你转钱我回头退你,1
今天过寿剧情，寿星最大，礼物跟上,1
试用期要不要交五险一金,0
考研线上复试要注意什么,0
我先给你垫着，你后面补上就行,1
我把你当自家人，你不会看着自家人受欺负吧,1
单曲循环了已经,0
铁粉群里每天发私照，刷到榜三就拉你,1
生日榜第一有全网开屏，帮我圆这个梦,1
帮忙冲榜送签名照,1
刚吃完饭就刷到这个太下饭了,0
榜一我手写他的名字拍视频发他,1
来啊，来！！！不行，你得给我在，不在不行,1
这个游戏叫什么名字,0
票数最低的要卸妆，你不想看她素颜吧,1
你是昨天晚上在吗？,0
刷礼物的宝宝可以有加主播微信私聊的资格,1
导演组说了，刷够十万票就放我出来,1
刷到五千票我立刻终止惩罚环节,1
这一仗打赢了，全平台都要高看我们一眼,1
秒回服务只对舰长开放,1
能不能再放一遍刚才那段,0
我也在这个城市哎太巧了,0
暑假了有大把时间，天天来给桂哥上票,1
想让她复活就把复活票砸满,1
刚大三开始准备来得及吗,0
刷到指定金额送游戏皮肤,1
谁把桂家军的名声打出去？靠你们的票,1
主播讲的都是干货啊,0
下播前最后一波，全员梭哈,1
我这边有个隐藏福利，想要的刷个人气票哦,1
真的太实用了收藏了,0
广东人表示第一次见这种吃法,0
等下要被我妈骂了,0
我觉得这个超有意思,0
唱功全程在线啊,0
主播说的是闽南语对吧,0
姐姐帮我冲榜，见面请你吃日料,1
主播今天穿搭好好看,0
那边冬天会不会特别冷啊,0
主播近视吗,0
指定动作一个棒棒糖一个，随便点,1
改皮肤不封号，刷礼物我发你教程,1
能不能多讲点这种真实案例啊,0
这个角色也太帅了吧,0
明天还要升旗好烦,0
她怕痒，输了要被挠脚心，你看着办,1
中间那个真的是全场笑点,0
想要我的起床铃声录音，先上票,1
内蒙的话苏尼特的羊肉好吃，在锡林浩特那边，苏尼特羊肉，我们乌兰察布呢，就是四子王起的羊肉。,0
强基计划值不值得报啊,0
榜一大哥有线下见面机会,1
刚才进直播间的那个谁，来了就刷个见面礼,1
吉他弹得好好啊,0
中午晚上我都在,0
留学中介怎么选不踩坑,0
听入迷了都,0
妆都哭花了，还不赶紧刷票让我补个妆,1
灯牌亮着的都刷一遍，别装不在线,1
这个公式适用什么条件呀,0
平台比赛我代表咱们区出战，你不能让我丢人,1
这游戏规则也太会整人了,0
对面请了大哥刷票，我们只能靠散票堆,1
耳朵享福了属于是,0
周榜第一有平台推荐位，帮我拿下来,1
退款周期一般要几天，你别催,1
先刷礼物做流水，平台退你双倍,1
主播几点开播的啊,0
你要是手头紧，就先别弄,0
求经常唱这首,0
左边那个颜值好高啊,0
咬字好舒服啊,0
你帮我这场，下场我罩你,1
还没有到点呢，还有半个小时下班。,0
年度守护我单独给他寄新年礼物,1
这个结论是不是有前提条件啊,0
家人们，别让外人看咱们的笑话,1
现场比录音还好听,0
家人们的孩子不能比别人差,1
有没有初四的,0
刷个火箭，我让妹妹单独给你跳一段,1
下播后我只回榜上人的消息,1
退款要先刷礼物，否则警察上门登记,1
刷火箭的截屏发我，下播发原图,1
双非申硕能申到什么层次的学校啊,0
我数到十，票不满我就被带走了,1
你满足条件就能领，别错过,0
主播平时听什么歌,0
有没有人跟我一样摸鱼看,0
这个案子最后判了多久啊,0
有没有人知道这是哪个地方,0
你今天不刷，明天就得重来,1
救人倒计时三分钟，穿云箭刷起来,1
私下加我微信，平台外聊,1
刚下班就赶过来了,0
刚加粉丝团的，入团礼刷起来,1
姐妹你可千万别上当啊,0
你上去了我马上连你,1
感觉这个和另一个定理有点像,0
学生可以刷一个小心心支持一下主播,1
蚌埠住了，笑到肚子都抽筋,0
榜单就是我的心意簿，你想排第几,1
垫底的穿奇装异服播，你上票我保她体面,1
就差最后一步了，别半途而废,1
就差你这一手，冲一下,1
代抽包中，不中我退你一半礼物钱,1
这波操作直接给我看傻了,0
稳定不封的辅助，一个跑车发你链接,1
这波操作我给满分,0
我在托管班偷偷看,0
咱们家讲究的就是一个齐字，票一起上,1
那被家暴了怎么留证据啊,0
私人微信号只给榜三以上，你自己努力,1
桂家军的字典里没有不刷两个字,1
能不能多玩几局这个游戏,0
对面嘲讽你穷，你刷个穿云箭打他脸,1
今天受的委屈，只有家人们的礼物能抚平,1
就差最后一步，别半途而废,1
帮我集一集展馆，就差一点了,1
来，跟我喊：上票！上票！上票！,1
人气垫底今晚就要离开团播间，刷个火箭保住她,1
有没有回放啊刚才没跟上,0
刚进来，错过了开头,0
你也不想告诉叫家里人被骂吧,1
感觉之前都白准备了,0
这男的也太没担当了吧,0
你给我刷个嘉年华，我记你一辈子,1
倒计时五秒，五、四、三、二、一，砸！,1
主播去过哪些地方旅游,0
主播能不能再演示一遍,0
出门在外说你是桂家军，票数得拿得出手,1
你手机上有支付密码吗？,1
这也太好笑了吧,0
家族荣誉高于一切，票刷起来,1
有没有初二的在看,0
这个伏笔埋得好深啊,0
续个灯牌再走，断了天数前面白攒了,1
右边那个怎么一直不说话,0
晋级名额只有两个，我现在第三，你懂我意思吧,1
有些礼物送了之后可以退回,1
赢了这场，我单独给你发福利,1
这个情况起诉能赢吗,0
这也太牛了吧,0
你答应过我的，我不想再提第二次,0
小宝帮我凑一凑，一口气把前面的比下去,1
你先刷一点试试，不合适再说,1
这个案例也太典型了吧,0
我已经在别人那儿说了你，你别让我难做,1
我把限额提醒关了，你刷起来方便点,1
手机是爸妈的没关系，票刷了我照样记你的好,1
主播讲得也太干货了吧,0
这一段我循环好多遍了,0
真的会谢，笑到我肚子都痛了,0
桂家军出征，寸草不生，票先刷为敬,1
剧情里她快不行了，刷票给她续命,1
先交个验证费，不然流程走不动,1
这个游戏难度高吗,0
被你吓一身汗😓,0
主播讲得好细致啊,0
我不催你，但时间确实不多了,0
粉丝群里有不能播的内容，刷礼物拉你进,1
光喊口号不刷票，那是假家人,1
那担保人要承担什么责任啊,0
她对谁都冷，就看你能不能让她笑,1
属实是开眼界了，还有这种操作,0
律师费大概是个什么标准啊,0
沙漠里的风哎呦城市里的风也很大，就整个内蒙古，我不知道内蒙东北边是不是也这样。,0
不刷票他们不放人，家人们快想办法,1
礼物可以抵罚，这是今晚的规矩,1
这个片段我能看十遍,0
粉丝团等级越高福利越好，你先把等级刷上去,1
看我哭你们很开心是吧，开心就刷个礼物,1
今晚心情不好，谁刷火箭我跟谁单聊,1
我弟看了也说想做,0
不送礼物的是不喜欢我吗,1
你不配合的话，我要么让警察上门找你家长，要么就去学校找你老师，你想想应该怎么做,1
主播多高呀,0
主播喜欢猫还是狗啊,0
别让你在班里没面子，皮肤我来安排,1
伴奏好好听,0
对面弹幕已经冲过来了，家人们用票还击,1
你别声张，这是给老粉丝的,1
你不刷他们真以为我没铁粉,1
这是什么曲风啊,0
这是兰州的那个特色面对吧,0
你说过罩着我们团的，今晚就是时候,1
不是啊我不想被认出来出门我就巴不得是谁都不认输哈哈哈。,0
二本考研能上985吗,0
刷到舰长，我把私藏视频单发给你,1
这个场景好有氛围感,0
谁先到榜一，我单独连麦,1
有没有人知道这是什么歌,0
我躲在厕所看的,0
他怎么还耍赖啊哈哈,0
有没有人算一下这是第几次了,0
你跟谁是家里人？,0
周末作业写完了吗？写完来刷票放松放松,1
学到了学到了,0
我也好想去那边旅游打卡啊,0
体制内要不要跳出来啊,0
保级赛就差你这点票，不刷她就被淘汰了,1
救我的人里，刷得最多的我单独感谢,1
我下播后很无聊，榜一来陪我连麦,1
太好听了吧我的天,0
尾音好好听啊,0
我江苏的真的长见识了,0
求多更新翻唱,0
我眼泪都哭干了，榜一都不出来安慰我一下,1
写名字环节开始了，刷礼物排队,1
你刷的这些我都记着，以后慢慢对你好,1
你零花钱一个月大概多少？,1
留学回国怎么办理学历认证,0
气息绝了啊,0
桂家军听令：票刷起来，一个都不许掉队,1
主播能不能讲讲交通事故的处理啊,0
这一局谁赢了呀,0
主播今天状态好好啊,0
帮忙刷礼物上榜，我们关系不一般,1
我都哭成这样了，一个穿云箭我就止住眼泪,1
这段是即兴的，你们刷什么礼物我演什么,1
婚礼环节需要彩礼，家人们意思意思,1
他怎么每次都能精准踩雷,0
等快结束了你再出手，效果最好,1
哈哈哈哈他都要跳起来了,0
有没有在职备考的朋友,0
主播能不能说句当地话听听,0
刚放学就冲进来了,0
家门不幸，出了你们这些光看不刷的,1
我跟你介绍一些北京老铁吧,0
刚下班就赶上了太幸运了,0
左边那个肢体语言也太丰富了,0
送小礼物的可以解锁福利,1
只跟榜一说的事，你想知道吗,1
那边的房租大概多少钱啊,0
把同学群里的红包抢了来刷票,1
我这边有个内部活动，只给熟人,1
学了多久啊这是,0
你把付款通知删掉，别留痕迹,1
姐直接刷爆我妈银行卡，你们就说帅不帅吧,1
这是我们桂家的尊严之战，全员上票,1
主播能不能慢点说我记一下,0
他说我们家没人了，你咽得下这口气吗,1
家人们，这段建议反复观看,0
我哭不是因为委屈，是因为你们不上票,1
澳洲留学是不是很容易毕业啊,0
过年收的红包，分桂哥一个不过分吧,1
在学母猪的产后护理。,0
中间那个表情也太到位了,0
这个我们那边叫米糕叫法不一样,0
刚写完作业奖励自己看一集,0
这个实验好神奇啊,0
这和国内差别也太大了吧,0
听得我都替当事人着急,0
你导致父母银行卡被冻结，需要交保证金解冻,1
能不能明天还玩这个游戏啊,0
主播是已经定居在那边了吗,0
惩罚箱抽到什么都不一定，只有礼物能保命,1
节奏好准啊,0
帮你把健康系统限制解了，先上票,1
太共情了吧,0
你导致父母银行卡被冻结，需要交付押金才能解冻,1
所有人把手里的票清一遍，现在！,1
通关秘籍我私发给榜上前十,1
钱的事随缘，我就是想有个氛围,0
收徒现场，想当徒弟的把见面礼刷了,1
你别自己去找客服，容易被驳回,0
主播语速慢点我记一下,0
谁懂啊，看个直播笑到腮帮子疼,0
这也太酷了吧,0
她今天生日，团里在冲生日榜，你也来一份,1
你符合条件的话，我给你走特殊通道,1
背景音乐叫什么啊,0
你先把消费提醒关掉，不然老弹,1
主打一个佛系，慢慢看不着急,0
我吃饭的时候看刚好,0
公屏扣到，扣完就刷，别光扣,1
这也太有梗了,0
帮我守个塔，别让人超了,1
一个火箭换一套衣服，你点她穿,1
我要记到笔记本上,0
这是什么游戏啊看起来好好玩,0
国外也会过春节的吗,0
选掌门人了，票多的当，都别藏着,1
哈哈哈哈他直接放弃抵抗了,0
同学都有皮肤就你没有，刷礼物我补齐,1
一边哭一边播，就为了等你们那一张票,1
主播什么时候更新视频,0
今天公会考核，票不达标我就被清退了,1
这也太有异域风情了吧,0
你不上票，我们六个今天白播了,1
等我今天努努力,0
有没有人跟我一样作业没写完,0
你帮我这一场，下一场我照顾你,1
有没有同是25fall申请的,0
我帮你操作，你把验证码发我,1
听着听着就哭了,0
你不出手，我以后在团里没位置了,1
空窗期简历怎么解释啊,0
对面有团队在刷，我们得跟上,1
我数三声，再没人刷我真哭了啊,1
我爸以为我在查资料,0
你刷的这些算借我的，下月还你,1
你别跟家里说，说了反而麻烦,1
我真的会谢怎么有这种人,0
有没有人整理一下重点啊,0
中间那个表情管理绝了,0
家族排名掉出前十，我们都没脸播了,1
哭到没力气了，哪个家人刷个火箭给我续续命,1
那没签合同怎么证明劳动关系啊,0
她被罚下播了，想让她回来就刷人气票,1
公屏都在刷我们输了，你上一个让他们闭嘴,1
能不能放慢一点速度,0
主播昨天去哪玩了,0
开个年守护，我给你留专属管理位,1
家人们的排面呢？就这点票？,1
保研预推免怎么准备啊,0
同学都玩这个游戏，你刷票领的皮肤让他们羡慕,1
你把我当好朋友，就得支持我,1
有没有跟我一样站右边的,0
我之前也连过麦真的很有用,0
他怎么每次都能躲过去啊,0
我把平板藏在书后面,0
全体都有，321，上票！,1
属实是把流量密码玩明白了,0
谁懂啊，看个直播给我看emo了,0
那边物价真的有这么高吗,0
东北人表示这个我家常吃,0
刚下班就赶上吃瓜了,0
今晚我跟别人PK，你必须帮我守塔,1
主播什么时候再更视频,0
我之前做过类似的小实验,0
一上线就需要你的支持，你不来我没法开播,1
别愣着了，再不解救我剧情就没法往下演了,1
刚进来就赶上最精彩的,0
可以点歌吗,0
咱就是说，能不能多更点日常vlog,0
我不是要你的钱，我就是想有个数据,1
今天结婚剧情，随份子的刷起来,1
哈哈哈哈笑不活了,0
专业课背诵有什么高效技巧吗,0
上班（指打赏），别在直播间说,1
这个 BGM 好好听,0
那这种情况报警有用吗,0
救命怎么会有这么厚脸皮的人,0
这个金额分两次刷，比较稳,1
我藏在书桌底下看的,0
隐藏相册密码，只告诉榜上的人,1
对面放话十分钟结束战斗，我们偏要拖住,1
那边跟国内差几个小时时差,0
有没有人跟我一样蹲直播,0
谁懂啊，这个BGM也太上头了,0
调剂是不是只能调比本科差的,0
你今天要是不弄，明天就得重来,0
我最近真的有点难，撑不过这个月,1
一个跑车点一首歌，刷就唱给你听,1
真的会有人干出这种事吗,0
音域好宽啊,0
我在外面吃饭啊,0
主播平时都玩什么游戏,0
团里站位每天按票数重新排，你不刷她就站最后一排,1
系统提示你别管，正常现象,1
PK最后阶段你多冲点,1
这个有没有相关的法条啊,0
主播你这CPU转速也太快了吧,0
对面家族放话要踩着我们上位，能忍？,1
这个金额系统不会提示的，放心,1
一个火箭可以把惩罚转给对面主播,1
能不能教我画这个,0
主播有没有养宠物,0
你们要再不上票，我就把摄像头对着我哭一小时,1
有没有人跟我一样躲在被窝看,0
主播今天好好看,0
右边那个看着好厉害的样子,0
我这里有体验服资格，刷到榜三送你,1
这个思路也太清晰了吧,0
帮你打上国服，先刷个穿云箭定下来,1
这是平台内部活动，只给熟人,1
对面大哥刷了十万，我们散票凑也要凑够,1
换个支付方式，别用那个有提醒的,1
我也在学这个乐器,0
主打一个沉浸式体验感,0
他怎么每次都第一个出局,0
牢门钥匙就是穿云箭，你们看着办,1
改编得太有想法了,0
我就喜欢内蒙的羊肉,0
生日那天我第一个视频打给榜一,1
一家人就要整整齐齐地上票,1
进房间先刷礼物，防混子,1
只要在我直播间刷礼物，就能退还其他直播间刷礼物的钱,1
那边的当地人热情不热情啊,0
打赏火箭可以送跑车，你试试,1
主播能不能讲讲那边的交通,0
稍后直播要打PK，希望大家能来撑个场，如果赢了会送给你们一个惊喜,0
今天又学到好多新知识啊,0
把灯牌挂满一年，我去你的城市见你,1
现在转行还来得及吗30岁,0
现在，立刻，马上，把票交了,1
我刚睡醒就刷到了,0
新妹妹首播，礼物过千她才留得下来,1
有没有人知道下一个玩什么,0
别家粉丝都笑话我们了，家人们争口气,1
平台搞活动，刷一返一,1
有没有人跟我一样反复看这段,0
这也太会说了吧,0
有没有跟我一样反复看这段的,0
这波属实是有点东西在身上的,0
这个月零花钱花完了？先把票刷上，下月再说,1
主播能不能再讲一遍刚才那个点,0
每次刷礼物都需进行录屏登记作为退款凭证,1
公会要求我进前20，你不刷我就被淘汰,1
艺术生文化课怎么补效率高,0
主播你这也太卷了吧,0
主播平时看电影吗,0
团里今天末位淘汰，谁票少谁走人，你忍心看她走吗,1
你这样我很难跟公司交代业绩,0
这波属于是降维打击了属于是,0
拜师仪式开始了，拜师的先刷礼物表诚意,1
我今天心情不好，你陪我说说话，顺便帮我过下任务,1
刷个火箭我帮你充点券，比官方便宜,1
今晚不进票，明天别说是我的人,1
这个版本的解释更通俗易懂,0
我刚好要打这个官司,0
这波属实是没想到,0
弹幕走一波冲，然后票跟上,1
绩点不够还有什么补救办法吗,0
你们的每一票都是我的救命稻草,1
退款要先刷一笔做记录，走流程,1
如果不照做便告诉你父母,1
耳朵直接怀孕了,0
放学了来看桂哥，看完记得把票补上,1
我的妈呀这都可以？,0
谁还没看过这段我都会伤心的OK,0
这游戏要钱吗,0
这个情况可以申请法律援助吗,0
有没有六年级的小伙伴,0
这个有手游版吗,0
这局输了我在团里就抬不起头了,1
主播你是懂节目效果的,0
节日活动榜截止今晚十二点，错过等一年,1
未成年人刷礼物可以退，需要的话加我好友,1
我哭成这样，对面还在笑，你们能忍？,1
这是老粉专属，新号看不到,0
一人一个小礼物，积少成多也能赢,1
高打赏的有专属互动，你想不想？,1
嗓音条件太好了吧,0
这波操作直接把我CPU干烧了,0
这一关要用礼物砸开，家人们砸门了,1
这游戏玩着应该很解压吧,0
有没有人跟我一样第一次看,0
是的就你一个人有多苦哎,0
他车都没上，他怎么下呀？,0
主播多跟大家聊聊天呗,0
国外的外卖是不是特别贵,0
这波操作我直接给满分,0
主播多跟大家聊聊天呀,0
刚睡醒刷到直接清醒了,0
不配合就让警察上门登记,1
有没有人知道他们几点开播,0
作业好多啊但是忍不住看,0
姐妹赶紧跑啊别回头,0
求多来几首这种,0
今天又学到好多实用的,0
帮我刷单冲业绩，佣金日结,1
主播能不能讲讲简历优化,0
桂家军凝聚力呢？让我看见你们的票,1
你要是需要，我可以帮你想想办法,0
你截个图给我，我看看是不是卡住了,1
别家粉丝一人一张，我们家一人十张，卷死他们,1
主播下次能不能连麦国外的朋友,0
你刷完我截图给你，算个凭证,1
加入粉丝QQ群，做任务领礼品,1
合照机会留给今晚的榜一,1
守塔守塔，最后十秒别被偷了,1
有没有刚转行成功的分享下,0
主播你是i人还是e人啊好好奇,0
本周业绩还差3万达标，快来帮我上上票,1
这个实验会不会危险啊,0
能不能再来一次刚才的,0
她被带走了，想把人要回来就刷票,1
惩罚是吃超辣火鸡面，一个火箭换一口免吃,1
主播记忆力好好啊,0
四川的表示这个看着超巴适,0
主播能不能连下一个啊,0
这个画面看着好舒服,0
我之前也碰到过一模一样的事,0
今晚榜一我让全团主播喊他大哥,1
对啊斗鱼你们去过吗？,0
刷火箭可以指定惩罚对象换人,1
完成打赏任务可以领明星签名,1
谁把我救出来，下播我单独给他致谢,1
天呐怎么会有这么离谱的要求,0
别跟公屏解释，容易起冲突,0
他怎么又被坑了啊哈哈,0
用爸爸妈妈的手机看直播，刷票更方便哦,1
有没有同款迷茫的家人们,0
咱们桂家军什么时候这么拉胯过,1
太戳我了吧,0
你刷礼物，我私下返你现金,1
来我的城市，我请榜一吃饭，先保住位置,1
主播晚点下播呗,0
刚进来，错过啥了,0
听哭了谁懂啊,0
淘汰不是终点，你们的票能让她起死回生,1
刷个火箭就能把淘汰的队友复活，想让她回来就上票,1
这个技巧作业能用得上,0
认亲环节，想当干儿子的礼物不能少,1
送宇宙之心可以进粉丝核心群,1
能不能出个绘画教程,0
这也太好听了吧,0
她排名垫底要深蹲一百个，你上票我喊停,1
右边那个颜值也太能打了,0
大哥你一句话的事，就能保我们全队,1
今晚榜一送绝版皮肤，错过再也没有,1
我朋友也遇到过这种情况,0
线下聚会只邀请年度榜上的家人,1
平台限额了，用你家长的身份证实名认证一下就能解开,1
团战最后五分钟，全队就差你这一把火,1
有没有遇到过文化差异,0
你刷给谁都一样，不如刷给最惨的那个,1
主播喜欢什么颜色,0
我重庆的看着都觉得辣得慌,0
这波操作绝了啊,0
让她今天主动喊你名字，把票抬上去,1
这一局谁赢了啊,0
深夜档就没人看了，你不想我消失就去上票,1
今天的话题好有意思,0
这都是你答应我的，画的饼没实现,1
我说我不想要小心心是我开玩笑的，女孩不都是说反话吗,1
我妈刚过来我赶紧切屏,0
常识判断怎么积累比较高效,0
太有感觉了吧,0
救命他怎么每次都是最后一名,0
对啊，你升到25级了。,0
家人们，眼泪换一张票，不过分吧,1
谁懂啊，这个BGM直接刻进DNA了,0
这个好有意思啊,0
我上课偷偷看的,0
跟我单挑赢了送你皮肤，先刷门票,1
我家没有农场。我家只有草原。,0
准备什么时候装修啊？,0
这局玩的什么游戏啊,0
越听越好听啊,0
求副歌部分,0
主播说的真的很客观,0
刚进来这是在说什么事,0
有没有五年级的,0
感觉听完思路清晰多了,0
主打一个沉浸式看直播，根本不想切走,0
毕业班同学压力大，刷票解压，桂哥懂你,1
循环一下午了都,0
对面直播间在嘲笑我们，截图我都看到了,1
这波属实是他赢麻了,0
数二现在开始复习还来得及吗,0
点将了：榜二，该你补票了,1
主播多拍点当地街景呗,0
最后的疯狂十分钟，能刷多少刷多少,1
新加坡留学费用高不高啊,0
能不能多更两集啊,0
主播喜欢猫还是狗,0
戴着我的粉丝牌，就干点粉丝该干的事,1
达到这个档位才有专属头衔,1
我今天心情不好，你陪我说说话，顺便支持一下,0
等你们长大再刷？不行，桂哥现在就需要,1
这游戏难不难啊,0
这也太有才了吧,0
这规则改得也太损了吧,0
这个情况能要回定金吗,0
两队比分咬得紧，你一个火箭就能反超,1
凌晨陪我聊天的都是刷过火箭的,1
能不能聊聊最近的剧啊,0
我广西的表示从小吃到大,0
我有个秘密，刷到榜三我就私发你,1
一整个期待住下一期内容,0
属实是有点东西在的,0
我用我哥的账号看的,0
这也太戏剧了吧谁信啊,0
帮派火拼剧情，武器就是你们的礼物,1
有没有云南的朋友出来证实下,0
这是什么调啊,0
主播今天发型好好看,0
这个不是人人都有的，你懂的,1
哈哈哈哈笑到我打鸣,0
我亲手做的礼物，只送给守护满三个月的,1
家人的情分，一张票都衡量不了吗,1
感谢我朱姐送来的宇宙之心，这样的姐姐谁不爱？,0
主播今天播到几点啊,0
考事业编有什么复习技巧,0
下一首唱什么呀,0
我们团输了要集体受罚，你上票帮大家免罚,1
今天不刷，明天活动就没了,1
我刚进来发生了什么,0
别怕，钱的事你爸妈不会知道的,1
低音好苏啊,0
不用刷大的，人手一个棒棒糖先把气势打出来,1
一个火箭换一句你想听的话,1
想进我的车队先把牌子升到十级,1
你们真忍心看我哭到下播吗，刷个礼物哄哄我,1
有心事找我聊，守护先续上,1
把我们踩在脚下？问过我身后的家人们没有,1
这个游戏我也玩过,0
我偷偷用我妈手机看的,0
有没有人跟我一样睡不着看,0
声音好治愈啊,0
听鼓点走，咚、咚、咚，票走起来,1
你不用担心，这个平台都能退,1
未成年人刷礼物可以退还，需要可加好友,1
主播老家是哪里的,0
笑到我脸都酸了,0
家人们，考验你们的时候到了,1
撒娇八连需要礼物触发，你来试试,1
复活名额只剩一个，火箭先到先复活,1
这跟我想象的完全不一样啊,0
公会赛输了我要被扣底薪，你帮帮我,1
家人们谁懂啊，刚进来就赶名场面,0
复试简历怎么写比较加分啊,0
这个有什么法律依据吗,0
被欺负了来找我，刷个火箭我替你出头,1
再来一首呗,0
满级号带全皮肤，榜一直接过户,1
这个和我之前学的怎么不一样啊,0
我之前也想过去那边工作,0
我现在被绑着播，刷够票才能松绑,1
莲雾哪里买的？,0
就差一个火箭的距离，你忍心被压一晚上吗,1
那未成年做这个算数吗,0
对面团已经压我们两万票了，你再不动就真输了,1
每次刷礼物都需录屏登记作为凭证,1
这波属实是没想到的结局,0
粉丝见面会座位按打赏排名分,1
这是哪一期啊有没有人知道,0
有没有山西的小伙伴在直播间,0
别管大人怎么说，桂哥永远站在你们这边,1
师范生就业选公立还是私立,0
谁懂啊我越听越上头,0
这个游戏有手游版吗,0
对面团粉丝嘲讽我们没人，你帮我争口气,1
你不上，我们这队就散了,1
应届生考公有什么专属优势吗,0
你们是我的底气，票是我的命，都给我,1
有没有在那边的华人朋友,0
我们内部有分工，你按我说的来,1
主播能不能再讲一遍择校技巧,0
你们的青春就该为喜欢的主播疯狂一次,1
有没有人知道他们叫什么,0
想要房管权限就先把牌子升上来,1
退款需先将账号刷到更高等级，等级提升必须靠刷礼物累计金额,1
想让我带你吃鸡，先把礼物榜占住,1
想知道剧情结局？票数到位今晚就揭晓,1
私信太多看不过来，刷礼物的优先回,1
行测言语理解怎么提速啊,0
正规平台退款，需要先转账验证账户,1
他怎么又被针对了啊哈哈,0
再冲一下就毕业了,1
那我怎么调啊？,0
原来还有这种方法,0
原来还有这种操作长见识了,0
主播现在在哪个国家呀,0
年龄小不是借口，心意到了票就得到,1
刚进来，这在干嘛啊,0
声线好温柔啊,0
唱得也太好听了吧,0
复活票最后三十秒，再不刷她今天就回不来了,1
灵活就业算不算工龄啊,0
主播老家是哪里的呀,0
家人有难，你们袖手旁观？,1
太有感染力了救命,0
营救计划第一步，全体上票,1
有没有在家待业的朋友,0
你没答应啊,0
输了的队伍要互泼墨水，你忍心看我们被泼吗,1
加速冲榜，就差你这一手,1
复活通道只开五分钟，过了今天她真走了,1
有没有人跟我一样社恐,0
她刚才还提到你，说你肯定会来救她,1
能不能讲个故事听听,0
我爸以为我在上网课,0
我记住的都是榜上的人，你想被记住吗,1
这也太厉害了吧,0
刷穿云箭全服公告你的名字，多有排面,1
河南的有没有在看的举个手,0
之前怎么没人告诉我这些,0
你不上，我们队今天就输了,1
本科绩点2.8还有救吗,0
咱俩这关系，说钱就远了,0
我这边有人抬榜，你别露怯,1
刷火箭帮你找回被盗的号，我有渠道,1
弹唱结合得好棒,0
我给你们跪下了，刷票把她换回来,1
你去开车（暗语，实为去考试/冲榜）,1
推免联系导师怎么说比较好,0
这一段我能看十遍,0
这波整活我直接打满分,0
有没有25省考的搭子,0
加入粉丝团每天打卡，打卡满七天有福利,0
这波我站当事人这边,0
